{"AFE":64.4871517904367,"AFW":57.9878499444678,"ARB":71.8760955992222,"CSS":72.8322921090607,"CEB":76.6522987292583,"EAR":71.4304552508694,"EAS":76.6767167147452,"EAP":75.9325409436903,"TEA":75.9610347461336,"EMU":81.6229719062905,"ECS":77.834452247983,"ECA":74.5731684190474,"TEC":74.1883654842503,"EUU":80.7133260356871,"FCS":62.702271566254,"HPC":63.8404661926623,"IBD":74.2512821129351,"IBT":71.6775988813721,"IDB":62.1288641416852,"IDX":66.3600754986121,"IDA":64.8823000336808,"LTE":76.954367313865,"LCN":74.6472095421659,"LAC":74.4897262626476,"TLA":74.5684293540859,"LDC":65.7632017862259,"LMY":71.6849259477066,"MEA":71.6917293154863,"MNA":71.0055315443397,"TMN":70.965432550888,"MIC":72.5172020330295,"NAC":77.8170599153732,"OED":79.5170042308814,"OSS":72.9062214171014,"PSS":69.1004348993561,"PST":80.1924721633692,"PRE":61.3833052969468,"SST":72.380297225352,"SAS":72.0115731308447,"TSA":72.0115731308447,"SSF":61.8572731122839,"SSA":61.2833700706225,"TSS":61.8572731122839,"WLD":72.9675581482237,"AFG":65.617,"ALB":78.769,"DZA":76.129,"ASM":72.752,"AND":84.016,"AGO":64.246,"ATG":77.483,"ARG":75.806,"ARM":74.7658536585366,"ABW":76.226,"AUS":83.2,"AUT":81.2951219512195,"AZE":74.125,"BHS":74.491,"BHR":80.992,"BGD":74.265,"BRB":75.676,"BLR":74.1033658536585,"BEL":81.7487804878049,"BLZ":72.19,"BEN":60.475,"BMU":82.062,"BTN":72.754,"BOL":67.434,"BIH":76.777,"BWA":68.749,"BRA":74.872,"VGB":77.177,"BRN":72.917,"BGR":74.1609756097561,"BFA":60.7,"BDI":62.882,"CPV":75.907,"KHM":70.528,"CMR":62.443,"CAN":81.0948780487805,"CYM":79.984,"CAF":18.818,"TCD":54.528,"CHI":81,"CHL":79.176,"CHN":78.202,"COL":76.508,"COM":66.481,"COD":60.979,"COG":65,"CRI":79.316,"CIV":61.562,"HRV":77.5756097560976,"CUB":77.629,"CUW":76.729,"CYP":80.434,"CZE":78.9292682926829,"DNK":81.3048780487805,"DJI":65.54,"DMA":71.081,"DOM":74.211,"ECU":76.577,"EGY":71.01,"SLV":71.969,"GNQ":63.355,"ERI":67.789,"EST":77.8439024390244,"SWZ":63.028,"ETH":66.897,"FRO":82.8162292682927,"FJI":67.148,"FIN":81.1878048780488,"FRA":82.1292682926829,"PYF":83.859,"GAB":67.713,"GMB":64.859,"GEO":74.141,"DEU":80.6080487804878,"GHA":65.246,"GIB":83.517,"GRC":80.7878048780488,"GRL":71.230243902439,"GRD":75.151,"GUM":77.102,"GTM":71.206,"GIN":60.432,"GNB":63.605,"GUY":69.888,"HTI":63.948,"HND":72.715,"HKG":83.6609756097561,"HUN":75.8682926829268,"ISL":82.119512195122,"IND":71.698,"IDN":70.925,"IRN":76.799,"IRQ":72.037,"IRL":82.509756097561,"IMN":80.956,"ISR":82.7,"ITA":82.7,"JAM":71.481,"JPN":83.9963414634146,"JOR":77.088,"KAZ":73.503,"KEN":63.549,"KIR":66.269,"PRK":73.641,"KOR":82.6804878048781,"XKX":77.623,"KWT":80.5878048780488,"KGZ":72.0487804878049,"LAO":68.715,"LVA":74.2780487804878,"LBN":78.003,"LSO":56.812,"LBR":61.934,"LBY":74.462,"LIE":84.1219512195122,"LTU":75.6439024390244,"LUX":82.9463414634147,"MAC":83.0804878048781,"MDG":63.068,"MWI":66.037,"MYS":75.444,"MDV":80.76,"MLI":60.035,"MLT":82.2975609756098,"MHL":66.725,"MRT":68.281,"MUS":73.5146341463415,"MEX":73.973,"FSM":66.961,"MDA":71.546,"MCO":85.746,"MNG":71.9007317073171,"MNE":76.1878048780488,"MAR":75.161,"MOZ":63.011,"MMR":66.506,"NAM":64.19,"NRU":61.93,"NPL":70.087,"NLD":81.6146341463415,"NCL":77.698,"NZL":81.9585365853658,"NIC":74.463,"NER":60.398,"NGA":54.079,"MKD":74.4248780487805,"MNP":78.531,"NOR":82.509756097561,"OMN":77.911,"PAK":67.417,"PLW":68.922,"PAN":79.324,"PNG":65.274,"PRY":72.319,"PER":76.834,"PHL":69.472,"POL":77.1560975609756,"PRT":81.6317073170732,"PRI":79.427,"QAT":81.857,"ROU":75.1536585365854,"RUS":72.5456097560976,"RWA":67.528,"WSM":71.55,"SMR":85.708,"STP":69.237,"SAU":77.31,"SEN":67.788,"SRB":75.2365853658537,"SYC":74.509756097561,"SLE":61.275,"SGP":82.8951219512195,"SXM":76.18,"SVK":76.9658536585366,"SVN":81.2829268292683,"SLB":70.409,"SOM":53.931,"ZAF":65.454,"SSD":57.203,"ESP":83.1341463414634,"LKA":77.3,"KNA":70.313,"LCA":72.67,"MAF":80.236,"VCT":71.191,"SDN":65.695,"SUR":73.254,"SWE":83.0585365853659,"CHE":83.6048780487805,"SYR":72.79,"TJK":71.562,"TZA":66.879,"THA":75.291,"TLS":67.368,"TGO":62.292,"TON":72.635,"TTO":73.331,"TUN":76.05,"TUR":77.591,"TKM":69.913,"TCA":77.918,"TUV":66.852,"UGA":67.675,"UKR":72.658,"ARE":80.487,"GBR":81.0112195121951,"USA":77.4341463414634,"URY":76.468,"UZB":72.147,"VUT":71.302,"VEN":72.566,"VNM":74.502,"VIR":80.319512195122,"PSE":76.662,"YEM":67.952,"ZMB":65.279,"ZWE":62.36}